{
  "Ansi 5 Color" : {
    "Red Component" : 0.6428365707397461,
    "Color Space" : "Calibrated",
    "Blue Component" : 0.6157113313674927,
    "Alpha Component" : 1,
    "Green Component" : 0.4748716652393341
  },
  "Tags" : [

  ],
  "Ansi 12 Color" : {
    "Red Component" : 0.4340144395828247,
    "Color Space" : "Calibrated",
    "Blue Component" : 0.7045942544937134,
    "Alpha Component" : 1,
    "Green Component" : 0.5608044862747192
  },
  "Ansi 6 Color" : {
    "Red Component" : 0.4660642147064209,
    "Color Space" : "Calibrated",
    "Blue Component" : 0.7735686302185059,
    "Alpha Component" : 1,
    "Green Component" : 0.7021664381027222
  },
  "Ansi 0 Color" : {
    "Red Component" : 0.1762142032384872,
    "Color Space" : "Calibrated",
    "Blue Component" : 0.2530012428760529,
    "Alpha Component" : 1,
    "Green Component" : 0.1969218552112579
  },
  "Bold Color" : {
    "Red Component" : 0.9072774648666382,
    "Color Space" : "Calibrated",
    "Blue Component" : 0.945746898651123,
    "Alpha Component" : 1,
    "Green Component" : 0.9209208488464355
  },
  "Normal Font" : "DejaVuSansMonoPowerline 14",
  "Ansi 2 Color" : {
    "Red Component" : 0.5760542154312134,
    "Color Space" : "Calibrated",
    "Blue Component" : 0.4759744107723236,
    "Alpha Component" : 1,
    "Green Component" : 0.7002110481262207
  },
  "Ansi 1 Color" : {
    "Red Component" : 0.688555896282196,
    "Color Space" : "Calibrated",
    "Blue Component" : 0.3416893780231476,
    "Alpha Component" : 1,
    "Green Component" : 0.2943579256534576
  },
  "Rows" : 100,
  "Default Bookmark" : "No",
  "Custom Directory" : "No",
  "Blend" : 0.5,
  "Cursor Guide Color" : {
    "Red Component" : 0.1762142032384872,
    "Color Space" : "Calibrated",
    "Blue Component" : 0.2530012428760529,
    "Alpha Component" : 1,
    "Green Component" : 0.1969218552112579
  },
  "Non-ASCII Anti Aliased" : true,
  "Use Bright Bold" : true,
  "Ansi 10 Color" : {
    "Red Component" : 0.5760542154312134,
    "Color Space" : "Calibrated",
    "Blue Component" : 0.4759744107723236,
    "Alpha Component" : 1,
    "Green Component" : 0.7002110481262207
  },
  "Use Cursor Guide" : true,
  "Ambiguous Double Width" : false,
  "Jobs to Ignore" : [
    "rlogin",
    "ssh",
    "slogin",
    "telnet"
  ],
  "Ansi 15 Color" : {
    "Red Component" : 0.9072774648666382,
    "Color Space" : "Calibrated",
    "Blue Component" : 0.945746898651123,
    "Alpha Component" : 1,
    "Green Component" : 0.9209208488464355
  },
  "Foreground Color" : {
    "Red Component" : 0.8121472597122192,
    "Color Space" : "Calibrated",
    "Blue Component" : 0.8922591209411621,
    "Alpha Component" : 1,
    "Green Component" : 0.8385788202285767
  },
  "Working Directory" : "\/Users\/slantin",
  "Blinking Cursor" : true,
  "Disable Window Resizing" : true,
  "Sync Title" : false,
  "Prompt Before Closing 2" : false,
  "BM Growl" : true,
  "Command" : "",
  "Description" : "Default",
  "Space" : -1,
  "Mouse Reporting" : true,
  "Screen" : -1,
  "Selection Color" : {
    "Red Component" : 0.2330617606639862,
    "Color Space" : "Calibrated",
    "Blue Component" : 0.3406426012516022,
    "Alpha Component" : 1,
    "Green Component" : 0.2652154266834259
  },
  "Smart Cursor Color" : false,
  "Columns" : 140,
  "Idle Code" : 0,
  "Only The Default BG Color Uses Transparency" : false,
  "Ansi 13 Color" : {
    "Red Component" : 0.6428365707397461,
    "Color Space" : "Calibrated",
    "Blue Component" : 0.6157113313674927,
    "Alpha Component" : 1,
    "Green Component" : 0.4748716652393341
  },
  "Custom Command" : "No",
  "ASCII Anti Aliased" : true,
  "Non Ascii Font" : "Monaco 12",
  "Vertical Spacing" : 1,
  "Use Bold Font" : true,
  "Option Key Sends" : 0,
  "Selected Text Color" : {
    "Red Component" : 0.8121471405029297,
    "Color Space" : "Calibrated",
    "Blue Component" : 0.8922592401504517,
    "Alpha Component" : 1,
    "Green Component" : 0.8385788202285767
  },
  "Background Color" : {
    "Red Component" : 0.1357133686542511,
    "Color Space" : "Calibrated",
    "Blue Component" : 0.1918390095233917,
    "Alpha Component" : 1,
    "Green Component" : 0.1525594741106033
  },
  "Character Encoding" : 4,
  "Ansi 11 Color" : {
    "Red Component" : 0.8990201950073242,
    "Color Space" : "Calibrated",
    "Blue Component" : 0.4728026986122131,
    "Alpha Component" : 1,
    "Green Component" : 0.7557785511016846
  },
  "Use Italic Font" : true,
  "Unlimited Scrollback" : true,
  "Keyboard Map" : {
    "0xf700-0x260000" : {
      "Action" : 10,
      "Text" : "[1;6A"
    },
    "0x37-0x40000" : {
      "Action" : 11,
      "Text" : "0x1f"
    },
    "0x32-0x40000" : {
      "Action" : 11,
      "Text" : "0x00"
    },
    "0xf709-0x20000" : {
      "Action" : 10,
      "Text" : "[17;2~"
    },
    "0xf70c-0x20000" : {
      "Action" : 10,
      "Text" : "[20;2~"
    },
    "0xf729-0x20000" : {
      "Action" : 10,
      "Text" : "[1;2H"
    },
    "0xf72b-0x40000" : {
      "Action" : 10,
      "Text" : "[1;5F"
    },
    "0xf705-0x20000" : {
      "Action" : 10,
      "Text" : "[1;2Q"
    },
    "0xf703-0x260000" : {
      "Action" : 10,
      "Text" : "[1;6C"
    },
    "0xf700-0x220000" : {
      "Action" : 10,
      "Text" : "[1;2A"
    },
    "0xf701-0x280000" : {
      "Action" : 11,
      "Text" : "0x1b 0x1b 0x5b 0x42"
    },
    "0x38-0x40000" : {
      "Action" : 11,
      "Text" : "0x7f"
    },
    "0x33-0x40000" : {
      "Action" : 11,
      "Text" : "0x1b"
    },
    "0xf703-0x220000" : {
      "Action" : 10,
      "Text" : "[1;2C"
    },
    "0xf701-0x240000" : {
      "Action" : 10,
      "Text" : "[1;5B"
    },
    "0xf70d-0x20000" : {
      "Action" : 10,
      "Text" : "[21;2~"
    },
    "0xf702-0x260000" : {
      "Action" : 10,
      "Text" : "[1;6D"
    },
    "0xf729-0x40000" : {
      "Action" : 10,
      "Text" : "[1;5H"
    },
    "0xf706-0x20000" : {
      "Action" : 10,
      "Text" : "[1;2R"
    },
    "0x34-0x40000" : {
      "Action" : 11,
      "Text" : "0x1c"
    },
    "0xf700-0x280000" : {
      "Action" : 11,
      "Text" : "0x1b 0x1b 0x5b 0x41"
    },
    "0x2d-0x40000" : {
      "Action" : 11,
      "Text" : "0x1f"
    },
    "0xf70e-0x20000" : {
      "Action" : 10,
      "Text" : "[23;2~"
    },
    "0xf702-0x220000" : {
      "Action" : 10,
      "Text" : "[1;2D"
    },
    "0xf703-0x280000" : {
      "Action" : 11,
      "Text" : "0x1b 0x1b 0x5b 0x43"
    },
    "0xf700-0x240000" : {
      "Action" : 10,
      "Text" : "[1;5A"
    },
    "0xf707-0x20000" : {
      "Action" : 10,
      "Text" : "[1;2S"
    },
    "0xf70a-0x20000" : {
      "Action" : 10,
      "Text" : "[18;2~"
    },
    "0x35-0x40000" : {
      "Action" : 11,
      "Text" : "0x1d"
    },
    "0xf70f-0x20000" : {
      "Action" : 10,
      "Text" : "[24;2~"
    },
    "0xf703-0x240000" : {
      "Action" : 10,
      "Text" : "[1;5C"
    },
    "0xf701-0x260000" : {
      "Action" : 10,
      "Text" : "[1;6B"
    },
    "0xf702-0x280000" : {
      "Action" : 11,
      "Text" : "0x1b 0x1b 0x5b 0x44"
    },
    "0xf72b-0x20000" : {
      "Action" : 10,
      "Text" : "[1;2F"
    },
    "0x36-0x40000" : {
      "Action" : 11,
      "Text" : "0x1e"
    },
    "0xf708-0x20000" : {
      "Action" : 10,
      "Text" : "[15;2~"
    },
    "0xf701-0x220000" : {
      "Action" : 10,
      "Text" : "[1;2B"
    },
    "0xf70b-0x20000" : {
      "Action" : 10,
      "Text" : "[19;2~"
    },
    "0xf702-0x240000" : {
      "Action" : 10,
      "Text" : "[1;5D"
    },
    "0xf704-0x20000" : {
      "Action" : 10,
      "Text" : "[1;2P"
    }
  },
  "Window Type" : 7,
  "Blur Radius" : 12.08807091346154,
  "Cursor Type" : 1,
  "Background Image Location" : "",
  "Blur" : true,
  "Badge Color" : {
    "Red Component" : 0.2025250792503357,
    "Color Space" : "Calibrated",
    "Blue Component" : 0.2960072755813599,
    "Alpha Component" : 0.7057952880859375,
    "Green Component" : 0.2304649949073792
  },